Category,Total Variance
PTS,16040.72491203772
FG3M,673.0211855546964
REB,2951.9503674097905
BLK,242.61858599160723
AST,1454.7563390073599
TOV,613.484581936
